Time, q_r1, q_r2, q_r3, q_r4, q_r5, q_r6, q_r3, dq_r1, dq_r2, dq_r3, dq_r4, dq_r5, dq_r6, t_r1, t_r2, t_r3, t_r4, t_r5, t_r6, G_r1, G_r2, G_r3, G_r4, G_r5, G_r6, q_n1, q_n2, q_n3, q_n4, q_n5, q_n6, q_n3, dq_n1, dq_n2, dq_n3, dq_n4, dq_n5, dq_n6, t_n1, t_n2, t_n3, t_n4, t_n5, t_n6, qd1, qd2, qd3, qd4, qd5, qd6, qd3, dqd1, dqd2, dqd3, dqd4, dqd5, dqd6
0.53825, 0.0549404, -0.00130341, 0.00576114, 0.070378, 0.0524895, 0.0696423, 0.400134, -0.0855733, 0.0689341, 0.333185, 0.299962, 0.351221, 38.111, -14.2523, 2.63453, 5.20565, 2.97253, 4.10278, -0.1, 0.16, -0.18, 0.002, 0.0005, 0, 0.0552389, -0.0052681, 0.0111326, 0.069623, 0.0651662, 0.0671881, 0.388365, -0.129488, 0.134502, 0.328236, 0.38082, 0.336867, 0.668434, -1.46466, -0.517907, 0.17218, -0.0334722, 0.00171255, 0.0613644, -0.0111153, 0.012792, 0.0690988, 0.0656257, 0.0671928, 0.340148, -0.0892283, 0.0888505, 0.338405, 0.339188, 0.338834
